{
    "best_epoch": 22,
    "decoder_strategy": "threshold",
    "decoder_threshold": 0.5,
    "frame_f1": 0.541414009528854,
    "mean_iou": 0.29820666693877496,
    "segment_f1": 0.06809111252086972
}