{
    "best_epoch": 24,
    "decoder_strategy": "threshold",
    "decoder_threshold": 0.6,
    "frame_f1": 0.5601281818330005,
    "mean_iou": 0.5568561276833408,
    "segment_f1": 0.2630692255006278
}