{
    "best_epoch": 26,
    "decoder_strategy": "threshold",
    "decoder_threshold": 0.5,
    "frame_f1": 0.5527362991198557,
    "mean_iou": 0.25015090289600805,
    "segment_f1": 0.15139844892804916
}